"ticker","date","open","high","low","close","adj_close","volume"
"AAPL","2022-01-03","174.9639591","179.9325725","174.8458979","179.0765839","179.0765839","104487900"
"AAPL","2022-01-04","179.686619","179.9916204","176.2331789","176.803833","176.803833","99310400"
"AAPL","2022-01-05","176.7152756","177.2662478","171.8253745","172.1008606","172.1008606","94537600"
"AAPL","2022-01-06","169.9166205","172.4747227","168.8737067","169.2279053","169.2279053","96904000"
"AAPL","2022-01-07","170.1035539","171.3334078","168.2735307","169.3951569","169.3951569","86709100"
"AAPL","2022-01-10","166.3549785","169.7198574","165.4596412","169.414856","169.414856","106765600"
"AAPL","2022-01-11","169.5427881","172.3566801","168.0669631","172.2583008","172.2583008","76138300"
"AAPL","2022-01-12","173.2815374","174.3244514","172.002501","172.7010498","172.7010498","74805200"
"AAPL","2022-01-13","172.9469932","173.7734515","169.0212937","169.414856","169.414856","84505800"
"AAPL","2022-01-14","168.5785868","170.9792648","168.3326159","170.2807159","170.2807159","80440800"
"AAPL","2022-01-18","168.7458016","169.7592001","166.6796559","167.0633698","167.0633698","90956700"
"AAPL","2022-01-19","167.2601785","168.3227743","163.2656143","163.5509338","163.5509338","94815000"
"AAPL","2022-01-20","164.2888201","166.9453019","161.533944","161.8586273","161.8586273","91420500"
"AAPL","2022-01-21","161.7700804","163.649301","159.6842527","159.7924805","159.7924805","122848900"
"AAPL","2022-01-24","157.441039","159.6842921","152.2067716","159.0152435","159.0152435","162294600"
"AAPL","2022-01-25","156.4177549","160.1368324","154.4893521","157.2048645","157.2048645","115798400"
"AAPL","2022-01-26","160.8649261","161.7405817","155.276476","157.116333","157.116333","108275300"
"AAPL","2022-01-27","159.831839","161.1994362","155.7290474","156.6539001","156.6539001","121954600"
"AAPL","2022-01-28","163.0393178","167.604536","160.1762136","167.5848541","167.5848541","179935700"
"AAPL","2022-01-31","167.4175835","172.179575","166.7780504","171.9631195","171.9631195","115541600"
"AAPL","2022-02-01","171.2055471","172.0221722","169.5329483","171.7958832","171.7958832","86213900"
"AAPL","2022-02-02","171.9335981","173.045391","170.5364857","173.0060272","173.0060272","84914300"
"AAPL","2022-02-03","171.6679406","173.3995847","169.3459756","170.1134033","170.1134033","89418100"
"AAPL","2022-02-04","169.1282897","171.5123342","168.1431529","169.8277435","169.8277435","82465400"
"AAPL","2022-02-07","170.290758","171.3645536","168.409143","169.1085968","169.1085968","77251200"
"AAPL","2022-02-08","169.1775456","172.7437512","168.8820015","172.2314758","172.2314758","74829200"
"AAPL","2022-02-09","173.4333653","174.0244385","172.3004488","173.6599426","173.6599426","71285000"
"AAPL","2022-02-10","171.5517176","172.8717972","169.0002169","169.5617371","169.5617371","90865900"
"AAPL","2022-02-11","169.7686414","170.5074941","165.5423957","166.1334839","166.1334839","98670700"
"AAPL","2022-02-14","164.8823374","167.0594963","164.084379","166.3699036","166.3699036","86185500"
"AAPL","2022-02-15","168.4288453","170.379412","167.7195456","170.2217865","170.2217865","62527400"
"AAPL","2022-02-16","169.295774","170.7636183","167.5225247","169.9853668","169.9853668","61177400"
"AAPL","2022-02-17","168.4879416","169.3548668","165.9659939","166.3699036","166.3699036","69589300"
"AAPL","2022-02-18","167.2959184","168.005203","163.7198674","164.8133698","164.8133698","82772700"
"AAPL","2022-02-22","162.5278644","164.2124549","159.7399255","161.8776855","161.8776855","91162800"
"AAPL","2022-02-23","163.0795415","163.6804755","157.3756059","157.6908569","157.6908569","90009200"
"AAPL","2022-02-24","150.3121593","160.4295174","149.7407782","160.3211517","160.3211517","141147500"
"AAPL","2022-02-25","161.404813","162.6657869","158.4789554","162.3998108","162.3998108","91974200"
"AAPL","2022-02-28","160.6364073","162.9613308","160.0157663","162.6657867","162.6657867","95056600"
"AAPL","2022-03-01","162.2520123","164.1237811","159.5625933","160.7743073","160.7743073","83474400"
"AAPL","2022-03-02","161.9466511","164.8725089","160.5280516","164.0843964","164.0843964","79724800"
"AAPL","2022-03-03","165.9660045","166.3994671","163.0894068","163.7592926","163.7592926","76678400"
"AAPL","2022-03-04","162.045154","163.0893966","159.6906777","160.7447662","160.7447662","83737200"
"AAPL","2022-03-07","160.9319498","162.5672805","156.6761516","156.9322968","156.9322968","96418800"
"AAPL","2022-03-08","156.4594079","160.4590603","153.4842911","155.0999146","155.0999146","131148300"
"AAPL","2022-03-09","159.079863","160.9811846","157.040638","160.5280151","160.5280151","91454900"
"AAPL","2022-03-10","157.8189019","158.0060803","153.6616237","156.1638794","156.1638794","105342000"
"AAPL","2022-03-11","156.5677777","156.9125816","152.2036291","152.4302063","152.4302063","96970100"
"AAPL","2022-03-14","149.1989826","151.8292963","147.8690568","148.3813171","148.3813171","108732100"
"AAPL","2022-03-15","148.6571406","153.2577428","148.1448803","152.7848663","152.7848663","92964300"
"AAPL","2022-03-16","154.715731","157.6218815","152.1642304","157.2179718","157.2179718","102300200"
"AAPL","2022-03-17","156.2525465","158.6070228","155.2871166","158.232666","158.232666","75615400"
"AAPL","2022-03-18","158.1243137","162.0353083","157.3854611","161.5427399","161.5427399","123511700"
"AAPL","2022-03-21","161.079735","163.8775353","160.5871665","162.9219513","162.9219513","95811400"
"AAPL","2022-03-22","163.0499758","166.901864","162.4589028","166.310791","166.310791","81532000"
"AAPL","2022-03-23","165.4931403","170.0740205","165.1581824","167.6801453","167.6801453","98062700"
"AAPL","2022-03-24","168.5175014","171.5517246","167.6801441","171.4827728","171.4827728","90131400"
"AAPL","2022-03-25","171.2955966","172.6747821","170.1823872","172.1231079","172.1231079","80546200"
"AAPL","2022-03-28","169.6109789","173.118063","169.4435075","172.9900055","172.9900055","90371900"
"AAPL","2022-03-29","174.0638298","176.3493394","173.7190259","176.3000946","176.3000946","100589400"
"AAPL","2022-03-30","175.8961826","176.9404252","174.0736735","175.1277771","175.1277771","92633200"
"AAPL","2022-03-31","175.1967277","175.3839061","171.8078546","172.01474","172.01474","103049300"
"AAPL","2022-04-01","171.4433706","172.280743","169.3844382","171.7192078","171.7192078","78751300"
"AAPL","2022-04-04","171.9753218","175.8370559","171.8472492","175.787796","175.787796","76468400"
"AAPL","2022-04-05","174.8617744","175.6498868","171.8275514","172.4580383","172.4580383","73401800"
"AAPL","2022-04-06","169.7981833","171.0493113","167.6013324","169.276062","169.276062","89058800"
"AAPL","2022-04-07","168.6160215","170.7833195","167.3254947","169.5814514","169.5814514","77594700"
"AAPL","2022-04-08","169.2268038","169.2268038","166.685149","167.5619202","167.5619202","76575500"
"AAPL","2022-04-11","166.2024187","166.5176546","163.0401233","163.2864075","163.2864075","72246700"
"AAPL","2022-04-12","165.5226949","167.345189","164.1632013","165.168045","165.168045","79265200"
"AAPL","2022-04-13","164.9020681","168.4978119","164.291288","167.8673248","167.8673248","70618900"
"AAPL","2022-04-14","168.0840486","168.7243965","162.586983","162.8332672","162.8332672","75329400"
"AAPL","2022-04-18","161.4836151","164.1237894","161.1388262","162.6165314","162.6165314","69023900"
"AAPL","2022-04-19","162.5672954","165.3256817","161.4737929","164.911911","164.911911","67723800"
"AAPL","2022-04-20","166.2516887","166.3699154","163.6312361","164.7444305","164.7444305","67929800"
"AAPL","2022-04-21","166.3994838","168.9805378","163.444073","163.9464874","163.9464874","87227800"
"AAPL","2022-04-22","163.985871","165.3749024","159.0995861","159.3852692","159.3852692","84882400"
"AAPL","2022-04-25","158.7252558","160.7447895","156.1048031","160.4591064","160.4591064","96046400"
"AAPL","2022-04-26","159.8384444","159.9271031","154.3906392","154.4694519","154.4694519","95623200"
"AAPL","2022-04-27","153.5926803","157.4150008","153.070559","154.2428741","154.2428741","88063200"
"AAPL","2022-04-28","156.883044","162.0747194","156.567793","161.2077942","161.2077942","130216800"
"AAPL","2022-04-29","159.434534","163.729731","154.9127598","155.3068085","155.3068085","131747600"
"AAPL","2022-05-02","154.3807922","155.8781892","150.9919192","155.6122131","155.6122131","123055300"
"AAPL","2022-05-03","155.7993853","158.3213483","153.9965981","157.1096191","157.1096191","88966500"
"AAPL","2022-05-04","157.2967893","164.0055684","156.8928796","163.5524139","163.5524139","108256500"
"AAPL","2022-05-05","161.4146658","161.641243","152.6469395","154.4398956","154.4398956","130525300"
"AAPL","2022-05-06","153.9169863","157.3009777","152.1115355","155.1699524","155.1699524","116124600"
"AAPL","2022-05-09","152.8514808","153.7394156","149.4576439","150.019989","150.019989","131577900"
"AAPL","2022-05-10","153.4335782","154.6372121","150.8783137","152.4371185","152.4371185","115366700"
"AAPL","2022-05-11","151.4406814","153.3645176","143.8538461","144.5345917","144.5345917","142689800"
"AAPL","2022-05-12","140.8546503","144.2386273","136.9379092","140.6474609","140.6474609","182602000"
"AAPL","2022-05-13","142.650187","146.1131067","141.1900468","145.1363831","145.1363831","113990900"
"AAPL","2022-05-16","143.5973541","145.5409265","142.2457233","143.5874786","143.5874786","86643800"
"AAPL","2022-05-17","146.8629471","147.7607425","144.7121854","147.237854","147.237854","78336300"
"AAPL","2022-05-18","144.8799032","145.3830558","138.0231306","138.9308014","138.9308014","109742900"
"AAPL","2022-05-19","138.0034117","139.7595305","134.7674165","135.5073547","135.5073547","136095600"
"AAPL","2022-05-20","137.2239709","138.8123718","130.8309105","135.7440948","135.7440948","137426100"
"AAPL","2022-05-23","135.9414284","141.3380451","135.8033072","141.1900635","141.1900635","117726300"
"AAPL","2022-05-24","138.9209191","140.0653604","135.4876103","138.4769592","138.4769592","104132700"
"AAPL","2022-05-25","136.5728541","139.8877779","136.4840651","138.6348267","138.6348267","92482700"
"AAPL","2022-05-26","135.5468018","142.403559","135.3001558","141.8510742","141.8510742","90601500"
"AAPL","2022-05-27","143.4394638","147.671903","143.3112031","147.6324463","147.6324463","90978500"
"AAPL","2022-05-31","147.0701106","148.6387759","144.8700171","146.8431854","146.8431854","103718400"
"AAPL","2022-06-01","147.8889732","149.7042996","145.6987549","146.7149506","146.7149506","74286600"
"AAPL","2022-06-02","145.8467671","149.2406197","144.889779","149.181427","149.181427","72348100"
"AAPL","2022-06-03","144.9292083","145.9848606","142.5219556","143.4296112","143.4296112","88570300"
"AAPL","2022-06-06","145.0574875","146.5768358","142.9560582","144.1794281","144.1794281","71598400"
"AAPL","2022-06-07","142.4134426","147.0010534","142.1667966","146.7149506","146.7149506","67808200"
"AAPL","2022-06-08","146.5866682","147.859355","145.4816988","145.9749908","145.9749908","53950200"
"AAPL","2022-06-09","145.1068317","145.9651553","140.6178698","140.7263947","140.7263947","69473000"
"AAPL","2022-06-10","138.3980483","138.8716046","135.2212456","135.2903137","135.2903137","91437900"
"AAPL","2022-06-13","131.0874418","133.3861848","129.6766336","130.110733","130.110733","122207100"
"AAPL","2022-06-14","131.3439893","132.0937881","129.716116","130.9789429","130.9789429","84784300"
"AAPL","2022-06-15","132.4883624","135.4974467","130.3869487","133.6130676","133.6130676","91533000"
"AAPL","2022-06-16","130.3080441","130.6138828","127.3088197","128.3151398","128.3151398","108123900"
"AAPL","2022-06-17","128.3249975","131.2946102","128.068476","129.7949982","129.7949982","134520300"
"AAPL","2022-06-21","131.630082","135.2212485","131.5314326","134.0472107","134.0472107","81000500"
"AAPL","2022-06-22","132.9816647","135.9118207","132.1134809","133.5341644","133.5341644","73409200"
"AAPL","2022-06-23","134.9844644","136.7307077","133.8104267","136.4150085","136.4150085","72433800"
"AAPL","2022-06-24","138.0231086","140.0061522","137.8948629","139.7595062","139.7595062","89116800"
"AAPL","2022-06-27","140.7855471","141.5649569","139.0787608","139.7595062","139.7595062","70207900"
"AAPL","2022-06-28","140.2232125","141.4958995","135.4777451","135.5961304","135.5961304","67083400"
"AAPL","2022-06-29","135.6158934","138.7828207","134.8364833","137.3621368","137.3621368","66242400"
"AAPL","2022-06-30","135.408707","136.5136767","131.9753976","134.8858185","134.8858185","98964500"
"AAPL","2022-07-01","134.2149338","137.174687","133.840042","137.0661621","137.0661621","71051600"
"AAPL","2022-07-05","135.9217106","139.7101904","135.0929685","139.6608582","139.6608582","73353800"
"AAPL","2022-07-06","139.4536648","142.1864919","139.1872829","141.002594","141.002594","74064300"
"AAPL","2022-07-07","141.3676515","144.5839258","141.357791","144.3866119","144.3866119","66253700"
"AAPL","2022-07-08","143.3112033","145.5704893","143.0546968","145.0673218","145.0673218","64547800"
"AAPL","2022-07-11","143.715723","144.6727109","141.8510794","142.9264526","142.9264526","63141600"
"AAPL","2022-07-12","143.8045185","146.4584326","143.1040521","143.903183","143.903183","77588800"
"AAPL","2022-07-13","141.0716714","144.4852441","140.2133329","143.5381317","143.5381317","71185600"
"AAPL","2022-07-14","142.1470456","146.9517056","141.328179","146.4781494","146.4781494","78140700"
"AAPL","2022-07-15","147.7705825","148.8360952","146.2117776","148.1553497","148.1553497","76259900"
"AAPL","2022-07-18","148.7177168","149.5365835","144.7319079","145.0969543","145.0969543","81420900"
"AAPL","2022-07-19","145.9355166","149.2011075","144.9390721","148.9741974","148.9741974","82982400"
"AAPL","2022-07-20","149.092622","151.6577474","148.3526838","150.9868622","150.9868622","64823400"
"AAPL","2022-07-21","152.4272665","153.4829189","149.9016132","153.2658691","153.2658691","65086600"
"AAPL","2022-07-22","153.3053287","154.1833881","151.351896","152.0227661","152.0227661","66675400"
"AAPL","2022-07-25","151.9438329","152.9600135","150.2370464","150.898056","150.898056","53623900"
"AAPL","2022-07-26","150.2173269","151.0361937","148.7769221","149.5661926","149.5661926","55138700"
"AAPL","2022-07-27","150.5330274","155.2193026","150.1186638","154.6865387","154.6865387","78620700"
"AAPL","2022-07-28","154.8739825","155.5251317","152.338469","155.2390289","155.2390289","81378700"
"AAPL","2022-07-29","159.0768371","161.4347727","157.3601753","160.3297882","160.3297882","101786900"
"AAPL","2022-08-01","158.849939","161.3953284","158.7315537","159.3432312","159.3432312","67829400"
"AAPL","2022-08-02","157.9521463","160.2311535","157.4884505","157.8633423","157.8633423","59907000"
"AAPL","2022-08-03","158.6822208","164.3550807","158.5934318","163.9012604","163.9012604","82507500"
"AAPL","2022-08-04","163.7828241","164.9470012","162.2240194","163.5855103","163.5855103","55474100"
"AAPL","2022-08-05","161.2440695","163.8522689","161.0365924","163.3582916","163.3582916","56697000"
"AAPL","2022-08-08","164.3659956","165.7886525","162.222136","162.8840637","162.8840637","60276900"
"AAPL","2022-08-09","162.0443337","163.8226552","161.2836044","162.9334869","162.9334869","63135500"
"AAPL","2022-08-10","165.6602247","167.300233","164.8896212","167.2014465","167.2014465","70170500"
"AAPL","2022-08-11","168.0115761","168.9303818","166.1641056","166.460495","166.460495","57149200"
"AAPL","2022-08-12","167.7744575","170.0961418","167.3595033","170.0269928","170.0269928","68039400"
"AAPL","2022-08-15","169.4539841","171.3014545","169.2860337","171.1038666","171.1038666","54091700"
"AAPL","2022-08-16","170.6987969","171.6176025","169.5922925","170.9457855","170.9457855","56377100"
"AAPL","2022-08-17","170.6889213","174.0281976","170.4913334","172.4474792","172.4474792","79542000"
"AAPL","2022-08-18","171.6571313","172.7932732","171.034715","172.0523071","172.0523071","62290100"
"AAPL","2022-08-19","170.9458009","171.6472554","169.2465176","169.4539948","169.4539948","70346300"
"AAPL","2022-08-22","167.6460184","167.8139688","165.1267311","165.5515594","165.5515594","69026800"
"AAPL","2022-08-23","165.0674653","166.6778362","164.642637","165.2156525","165.2156525","54147100"
"AAPL","2022-08-24","165.3045467","166.0850241","164.2474282","165.5120087","165.5120087","53841500"
"AAPL","2022-08-25","166.7469751","168.0905939","166.3221619","167.9819183","167.9819183","51218200"
"AAPL","2022-08-26","168.5154206","168.9896345","161.5898493","161.6491241","161.6491241","78961000"
"AAPL","2022-08-29","159.2089015","160.9378223","157.894935","159.436142","159.436142","73314000"
"AAPL","2022-08-30","160.1770798","160.601893","155.8201965","156.9958649","156.9958649","77906200"
"AAPL","2022-08-31","158.3790092","158.6457612","155.2471947","155.3262329","155.3262329","87991100"
"AAPL","2022-09-01","154.7532047","156.5117627","152.806933","156.057312","156.057312","74229900"
"AAPL","2022-09-02","157.825756","158.428409","153.103334","153.9332123","153.9332123","76957800"
"AAPL","2022-09-06","154.5852592","155.1977863","151.8387466","152.6686249","152.6686249","73714800"
"AAPL","2022-09-07","152.9551229","154.7828296","151.7596913","154.0813904","154.0813904","87449600"
"AAPL","2022-09-08","152.7772966","154.4765797","150.840899","152.599472","152.599472","84923800"
"AAPL","2022-09-09","153.5973184","155.9190179","152.8859898","155.4744263","155.4744263","68028800"
"AAPL","2022-09-12","157.6676685","162.2814146","157.3811683","161.4614105","161.4614105","104956000"
"AAPL","2022-09-13","157.9739571","158.6062475","151.5226138","151.9869537","151.9869537","122656600"
"AAPL","2022-09-14","152.9254988","155.2076868","151.7597196","153.4392395","153.4392395","87965400"
"AAPL","2022-09-15","152.7871882","153.3700929","149.5565872","150.5346527","150.5346527","90481100"
"AAPL","2022-09-16","149.3886168","149.5269299","146.5828144","148.8847504","148.8847504","162278800"
"AAPL","2022-09-19","147.5115231","152.6982856","147.3040611","152.6192474","152.6192474","81474200"
"AAPL","2022-09-20","151.5522297","156.1758651","151.2360921","155.0100708","155.0100708","107689800"
"AAPL","2022-09-21","155.4447996","156.8279454","151.7498585","151.8684082","151.8684082","101696800"
"AAPL","2022-09-22","150.5445432","152.6093649","149.0922486","150.9002075","150.9002075","86652500"
"AAPL","2022-09-23","149.3688667","149.6454928","146.7705411","148.6180115","148.6180115","96029900"
"AAPL","2022-09-26","147.8573034","151.9177978","147.8375401","148.9539337","148.9539337","93339400"
"AAPL","2022-09-27","150.9001673","152.8563128","148.1437659","149.9319611","149.9319611","84442700"
"AAPL","2022-09-28","145.8616134","148.8254772","143.0953376","148.0351105","148.0351105","146691400"
"AAPL","2022-09-29","144.3401536","144.9526805","138.9854271","140.7637482","140.7637482","128138200"
"AAPL","2022-09-30","139.5782105","141.3762949","136.337721","136.5353088","136.5353088","124925300"
"AAPL","2022-10-03","136.5452278","141.3466883","136.0314871","140.7341461","140.7341461","114311700"
"AAPL","2022-10-04","143.2830456","144.4587139","142.5223164","144.3401642","144.3401642","87830100"
"AAPL","2022-10-05","142.3346149","145.6047419","141.2873704","144.6365356","144.6365356","79471000"
"AAPL","2022-10-06","144.0536502","145.7628074","143.4707606","143.6782227","143.6782227","68402200"
"AAPL","2022-10-07","140.8230587","141.376326","137.7702822","138.4025726","138.4025726","85925600"
"AAPL","2022-10-10","138.7286072","140.1809019","136.9008999","138.7286072","138.7286072","74899000"
"AAPL","2022-10-11","138.2148552","139.6474016","136.5550986","137.3059387","137.3059387","77033700"
"AAPL","2022-10-12","137.4541376","138.6693177","136.4958204","136.673645","136.673645","70433700"
"AAPL","2022-10-13","133.3639876","141.8603876","132.7514456","141.2676239","141.2676239","113224000"
"AAPL","2022-10-14","142.571713","142.7791901","136.5254363","136.71315","136.71315","88598000"
"AAPL","2022-10-17","139.3707551","141.1786987","138.5803885","140.6946106","140.6946106","85250900"
"AAPL","2022-10-18","143.7375249","144.9329415","138.9163015","142.0184784","142.0184784","99136600"
"AAPL","2022-10-19","139.9832918","143.2040184","139.795578","142.1271515","142.1271515","61758300"
"AAPL","2022-10-20","141.2972729","144.1326978","140.9317194","141.6628113","141.6628113","64522000"
"AAPL","2022-10-21","141.1490692","146.069094","140.931718","145.4960785","145.4960785","86548600"
"AAPL","2022-10-24","145.4170388","148.4204142","144.2413705","147.6498108","147.6498108","75981900"
"AAPL","2022-10-25","148.282122","150.6532224","147.5609193","150.5050201","150.5050201","74732300"
"AAPL","2022-10-26","149.1416483","150.1592405","146.2568073","147.5510406","147.5510406","88194300"
"AAPL","2022-10-27","146.2864477","147.254639","142.3939041","143.0558319","143.0558319","109180200"
"AAPL","2022-10-28","146.4148876","155.6028696","146.0394751","153.8640747","153.8640747","164762400"
"AAPL","2022-10-31","151.3151106","152.3821033","150.0900416","151.4929352","151.4929352","97943200"
"AAPL","2022-11-01","153.2120045","153.5775429","147.3336775","148.8353577","148.8353577","80379300"
"AAPL","2022-11-02","147.1558307","150.3370456","143.2534131","143.2830505","143.2830505","93604600"
"AAPL","2022-11-03","140.3488264","141.0799182","137.0786991","137.2071381","137.2071381","97918500"
"AAPL","2022-11-04","140.6113245","141.1852905","132.9815678","136.9399414","136.9399414","140814800"
"AAPL","2022-11-07","135.6831577","137.7019217","134.2581408","137.4743195","137.4743195","83374600"
"AAPL","2022-11-08","138.9488278","139.9582023","136.0592166","138.0482941","138.0482941","89908500"
"AAPL","2022-11-09","137.0587215","137.1082042","133.1894067","133.4664917","133.4664917","74917800"
"AAPL","2022-11-10","139.7702118","145.3416138","138.0483134","145.3416138","145.3416138","118854000"
"AAPL","2022-11-11","144.3025233","148.4489072","142.8676007","148.1421356","148.1421356","93979700"
"AAPL","2022-11-14","147.4197451","148.7161102","145.8957627","146.7369232","146.7369232","73374100"
"AAPL","2022-11-15","150.6359444","151.9916829","147.0140281","148.4786224","148.4786224","89868300"
"AAPL","2022-11-16","147.5780809","148.3103704","145.7572174","147.2416077","147.2416077","64218300"
"AAPL","2022-11-17","144.9061704","149.9036207","144.6290854","149.151535","149.151535","80389400"
"AAPL","2022-11-18","150.724981","151.1109219","148.4093359","149.7155914","149.7155914","74829600"
"AAPL","2022-11-21","148.5973461","148.8051523","146.1827359","146.4697113","146.4697113","58724100"
"AAPL","2022-11-22","146.5884872","148.8546496","145.4009629","148.6171417","148.6171417","51804100"
"AAPL","2022-11-23","147.8947577","150.2499952","147.7859018","149.4979095","149.4979095","58301400"
"AAPL","2022-11-25","146.7666107","147.3306863","145.5889921","146.5686951","146.5686951","35195900"
"AAPL","2022-11-28","143.6296015","145.1139917","141.8879223","142.7191772","142.7191772","69246000"
"AAPL","2022-11-29","142.7884394","143.3030322","138.8894537","139.7009125","139.7009125","83763800"
"AAPL","2022-11-30","139.928537","147.1723698","139.0873914","146.4895477","146.4895477","111380900"
"AAPL","2022-12-01","146.6676665","147.5780908","145.0843108","146.7666168","146.7666168","71250400"
"AAPL","2022-12-02","144.4410811","146.4598453","144.1342944","146.2718201","146.2718201","65447400"
"AAPL","2022-12-05","146.2322468","149.3494605","144.2530596","145.1041107","145.1041107","68826400"
"AAPL","2022-12-06","145.5395025","145.7671048","140.4430877","141.4227905","141.4227905","64727200"
"AAPL","2022-12-07","140.7102889","141.8780018","138.5430769","139.4732971","139.4732971","69721100"
"AAPL","2022-12-08","140.8785518","142.0264841","139.6316693","141.1655273","141.1655273","62128300"
"AAPL","2022-12-09","140.8587379","144.0551358","139.4337208","140.6806183","140.6806183","76097000"
"AAPL","2022-12-12","141.214978","142.9962491","139.5920454","142.9863586","142.9863586","70462700"
"AAPL","2022-12-13","147.9442219","148.4093321","142.7389658","143.9561615","143.9561615","93886200"
"AAPL","2022-12-14","143.8374101","145.1337751","139.6910112","141.7196808","141.7196808","82291200"
"AAPL","2022-12-15","139.6415402","140.3243622","134.6144034","135.0795135","135.0795135","98931900"
"AAPL","2022-12-16","135.2675514","136.2175528","132.3383477","133.1102295","133.1102295","160156900"
"AAPL","2022-12-19","133.7039844","133.7930442","129.9534315","130.9924927","130.9924927","79592600"
"AAPL","2022-12-20","130.0226841","131.8633285","128.5382939","130.9232178","130.9232178","77432800"
"AAPL","2022-12-21","131.5961387","135.3862835","131.3685364","134.0404358","134.0404358","85928000"
"AAPL","2022-12-22","132.9518913","133.1596975","128.9440347","130.8539429","130.8539429","77852100"
"AAPL","2022-12-23","129.5575576","131.0419476","128.2908793","130.4877777","130.4877777","63814900"
"AAPL","2022-12-27","130.0127759","130.0424625","127.380454","128.6768188","128.6768188","69007800"
"AAPL","2022-12-28","128.3205925","129.6664403","124.5601416","124.7283707","124.7283707","85438400"
"AAPL","2022-12-29","126.658071","129.1221567","126.4007821","128.2612152","128.2612152","75703700"
"AAPL","2022-12-30","127.0737096","128.597677","126.1039046","128.5778809","128.5778809","77034200"
"AAPL","2023-01-03","128.9242445","129.5377877","122.8778274","123.7684631","123.7684631","112117500"
"AAPL","2023-01-04","125.5695197","127.3211044","123.7783578","125.0450363","125.0450363","89113600"
"AAPL","2023-01-05","125.8070218","126.4403611","123.46169","123.7189789","123.7189789","80962700"
"AAPL","2023-01-06","124.6986774","128.9341287","123.5903299","128.2711029","128.2711029","87754700"
"AAPL","2023-01-09","129.1122704","132.0216779","128.5383044","128.7955933","128.7955933","70790800"
"AAPL","2023-01-10","128.9044577","129.8940513","126.786728","129.3695679","129.3695679","63896200"
"AAPL","2023-01-11","129.8841654","132.1206416","129.1023931","132.1008606","132.1008606","69458900"
"AAPL","2023-01-12","132.4867929","132.8628282","130.0721822","132.0216827","132.0216827","71379600"
"AAPL","2023-01-13","130.6560191","133.5159436","130.2898744","133.357605","133.357605","57809700"
"AAPL","2023-01-17","133.4268954","135.861287","132.734183","134.5253448","134.5253448","63646600"
"AAPL","2023-01-18","135.3961633","137.1675287","133.6247828","133.8029175","133.8029175","69672800"
"AAPL","2023-01-19","132.6847012","134.8321174","132.3779297","133.8623199","133.8623199","58280400"
"AAPL","2023-01-20","133.8722283","136.5837203","132.8232614","136.4352722","136.4352722","80223600"
"AAPL","2023-01-23","136.6826356","141.8285333","136.4649238","139.6415253","139.6415253","81760300"
"AAPL","2023-01-24","138.8498543","141.6702016","138.8399638","141.0467529","141.0467529","66435100"
"AAPL","2023-01-25","139.4238363","140.9478038","137.3654799","140.3837433","140.3837433","65799300"
"AAPL","2023-01-26","141.6801114","142.7488743","140.4233233","142.4618988","142.4618988","54105100"
"AAPL","2023-01-27","141.6702137","145.6978516","141.5910444","144.411377","144.411377","70555800"
"AAPL","2023-01-30","143.4514967","144.0353533","141.3634536","141.5118866","141.5118866","64015300"
"AAPL","2023-01-31","141.2149869","142.8379196","140.7993594","142.7884369","142.7884369","65874500"
"AAPL","2023-02-01","142.4717821","145.0843084","139.8493653","143.9165802","143.9165802","77663600"
"AAPL","2023-02-02","147.3504707","149.6067427","146.6280716","149.2505035","149.2505035","118339000"
"AAPL","2023-02-03","146.4895401","155.7422463","146.2916244","152.8922119","152.8922119","154357300"
"AAPL","2023-02-06","150.9822862","151.5067696","149.2109054","150.1510162","150.1510162","69858300"
"AAPL","2023-02-07","149.0723398","153.6145696","149.0723398","153.0406036","153.0406036","83322600"
"AAPL","2023-02-08","152.2786448","152.9713572","149.5968399","150.339035","150.339035","64120100"
"AAPL","2023-02-09","152.1796934","152.7239728","148.8546585","149.2999725","149.2999725","56007100"
"AAPL","2023-02-10","148.130472","149.993738","147.8926015","149.6666718","149.6666718","57450700"
"AAPL","2023-02-13","149.607233","152.8877867","149.577501","152.4814453","152.4814453","62199000"
"AAPL","2023-02-14","150.7667942","152.4021255","149.5180081","151.8371887","151.8371887","61707600"
"AAPL","2023-02-15","151.7479893","154.1167281","151.5200395","153.9482422","153.9482422","65573800"
"AAPL","2023-02-16","152.1444336","154.9393554","151.9858684","152.3426666","152.3426666","68167900"
"AAPL","2023-02-17","150.9947753","151.6389872","149.5081186","151.1929932","151.1929932","59144100"
"AAPL","2023-02-21","148.8638805","149.9541014","147.0898102","147.1591797","147.1591797","58867200"
"AAPL","2023-02-22","147.5457203","148.6161149","145.8509401","147.5853729","147.5853729","51011300"
"AAPL","2023-02-23","148.7548636","149.0026398","145.930225","148.0709991","148.0709991","48394200"
"AAPL","2023-02-24","145.8013735","145.8806636","144.4237389","145.4049377","145.4049377","55469600"
"AAPL","2023-02-27","146.396033","147.843037","146.1383362","146.6041565","146.6041565","44998500"
"AAPL","2023-02-28","145.7418957","147.7538363","145.5238515","146.0986938","146.0986938","50547000"
"AAPL","2023-03-01","145.5238473","145.920283","143.7200302","144.0173645","144.0173645","55479000"
"AAPL","2023-03-02","143.0956568","145.4049318","142.6199158","144.6120453","144.6120453","52238100"
"AAPL","2023-03-03","146.7231153","149.7658136","146.0194395","149.6865234","149.6865234","70732300"
"AAPL","2023-03-06","152.4219562","154.9096382","152.0949051","152.4616089","152.4616089","87558000"
"AAPL","2023-03-07","152.3327445","152.6598108","149.785614","150.2514343","150.2514343","56182000"
"AAPL","2023-03-08","151.450668","152.1048006","150.4793899","151.5101318","151.5101318","47204800"
"AAPL","2023-03-09","152.1939933","153.1652714","148.8936138","149.250412","149.250412","53833600"
"AAPL","2023-03-10","148.8737806","149.5972825","146.2969034","147.1789856","147.1789856","68572400"
"AAPL","2023-03-13","146.4951436","151.777732","146.3861215","149.131485","149.131485","84457100"
"AAPL","2023-03-14","149.934291","152.0354277","148.7647949","151.2326355","151.2326355","73695900"
"AAPL","2023-03-15","149.8450831","151.8867558","148.5863762","151.6290741","151.6290741","77167900"
"AAPL","2023-03-16","150.8064604","155.0682126","150.2910818","154.4636383","154.4636383","76161100"
"AAPL","2023-03-17","154.6915953","155.3457279","152.9076041","153.6212006","153.6212006","98944600"
"AAPL","2023-03-20","153.6905721","156.4161093","152.7787427","155.9998322","155.9998322","73641400"
"AAPL","2023-03-21","155.9205722","157.9820564","155.1474968","157.8631287","157.8631287","73938300"
"AAPL","2023-03-22","157.8829348","160.6976677","156.4061838","156.4260101","156.4260101","75701800"
"AAPL","2023-03-23","157.4171187","160.112924","156.2773396","157.5162201","157.5162201","67622100"
"AAPL","2023-03-24","157.4468588","158.9136892","156.4458487","158.8244934","158.8244934","59196500"
"AAPL","2023-03-27","158.5172463","159.3398648","156.4656528","156.8720093","156.8720093","52390300"
"AAPL","2023-03-28","156.5647498","157.0801282","154.5924467","156.2475891","156.2475891","45992200"
"AAPL","2023-03-29","157.9522886","159.6173517","157.9324774","159.3398438","159.3398438","51305700"
"AAPL","2023-03-30","160.093092","161.0247325","159.8354103","160.9157104","160.9157104","49501700"
"AAPL","2023-03-31","160.9949972","163.532222","160.4697131","163.4331055","163.4331055","68749800"
"AAPL","2023-04-03","162.8087561","164.8107765","162.7591978","164.6918488","164.6918488","56976200"
"AAPL","2023-04-04","165.1179886","165.355844","163.6412377","164.1566162","164.1566162","46278300"
"AAPL","2023-04-05","163.2745464","163.5817863","160.360697","162.3032532","162.3032532","51511700"
"AAPL","2023-04-06","160.9851079","163.4926164","160.5589402","163.195282","163.195282","45390100"
"AAPL","2023-04-10","159.984064","160.5886383","158.6559878","160.5886383","160.5886383","47716900"
"AAPL","2023-04-11","160.9058287","160.9157343","159.0821849","159.3696136","159.3696136","47644200"
"AAPL","2023-04-12","159.7858592","160.6183833","158.3586663","158.675827","158.675827","50133100"
"AAPL","2023-04-13","160.1922016","164.325105","159.9840631","164.0872345","164.0872345","68445600"
"AAPL","2023-04-14","163.1258767","164.8404982","162.3627371","163.7403717","163.7403717","49386500"
"AAPL","2023-04-17","163.6214236","163.9187579","162.5708553","163.7601776","163.7601776","41516200"
"AAPL","2023-04-18","164.6224624","165.9208069","164.1764533","164.9891663","164.9891663","49923000"
"AAPL","2023-04-19","164.3251319","166.6641392","164.067435","166.138855","166.138855","47720200"
"AAPL","2023-04-20","164.6125255","166.3766901","164.0872413","165.1675415","165.1675415","52456400"
"AAPL","2023-04-21","163.5817949","164.9693351","163.0267788","163.552063","163.552063","58337300"
"AAPL","2023-04-24","163.5322324","164.1269011","162.4321059","163.8592987","163.8592987","41949600"
"AAPL","2023-04-25","163.7205532","164.8305854","162.273534","162.3131866","162.3131866","48714100"
"AAPL","2023-04-26","161.6094831","163.8097361","161.3518014","162.3032532","162.3032532","45498800"
"AAPL","2023-04-27","163.7205533","167.0605706","163.7205533","166.911911","166.911911","64902300"
"AAPL","2023-04-28","166.9911917","168.3390943","166.3866174","168.1705933","168.1705933","55209200"
"AAPL","2023-05-01","167.7741809","168.9337714","167.1398746","168.0814209","168.0814209","52472900"
"AAPL","2023-05-02","168.5769405","168.8346373","166.0496213","167.0407257","167.0407257","48425700"
"AAPL","2023-05-03","167.9922011","169.3995675","165.6730203","165.960434","165.960434","65136000"
"AAPL","2023-05-04","163.4232128","165.5540814","162.8483704","164.3152008","164.3152008","81235400"
"AAPL","2023-05-05","169.459029","172.749503","169.2409849","172.026001","172.026001","113316400"
"AAPL","2023-05-08","170.9456885","172.3035119","170.5789847","171.9566193","171.9566193","55962800"
"AAPL","2023-05-09","171.5106168","171.9962483","170.0735185","170.2420044","170.2420044","45326900"
"AAPL","2023-05-10","171.4809082","172.4819184","170.3708609","172.016098","172.016098","53724500"
"AAPL","2023-05-11","172.3035232","173.0369309","170.6384598","172.2044067","172.2044067","49514700"
"AAPL","2023-05-12","172.3135714","172.750263","169.7132908","171.2714844","171.2714844","45497800"
"AAPL","2023-05-15","171.8570479","171.9066747","170.179762","170.7752533","170.7752533","37266700"
"AAPL","2023-05-16","170.6958534","171.8371941","170.5072807","170.7752533","170.7752533","42110300"
"AAPL","2023-05-17","170.4179576","171.6287636","169.1376558","171.3905792","171.3905792","57951600"
"AAPL","2023-05-18","171.698241","173.9213913","171.2814032","173.7328186","173.7328186","65496700"
"AAPL","2023-05-19","175.0627357","175.0627357","173.6236494","173.8419952","173.8419952","55772400"
"AAPL","2023-05-22","172.6708601","173.3953781","172.1448494","172.8892059","172.8892059","43570900"
"AAPL","2023-05-23","171.8272671","172.0753859","169.9911816","170.2690735","170.2690735","50747300"
"AAPL","2023-05-24","169.8025948","171.1225888","169.2368918","170.5469513","170.5469513","45143500"
"AAPL","2023-05-25","171.1126712","172.5914497","170.3980878","171.6883087","171.6883087","56058300"
"AAPL","2023-05-26","172.0158161","174.4473774","171.8073896","174.1099243","174.1099243","54835000"
"AAPL","2023-05-30","175.6284281","177.6431517","175.2413634","175.9658661","175.9658661","55964400"
"AAPL","2023-05-31","175.9956596","178.0004641","175.4299414","175.9162598","175.9162598","99625300"
"AAPL","2023-06-01","176.3628481","178.7646363","175.5986379","178.7348633","178.7348633","68901800"
"AAPL","2023-06-02","179.667794","180.4121504","177.9111086","179.5883942","179.5883942","61945900"
"AAPL","2023-06-05","181.2557666","183.5583014","176.7002936","178.228714","178.228714","121946500"
"AAPL","2023-06-06","178.6157717","178.7646369","176.0948761","177.861496","177.861496","64848400"
"AAPL","2023-06-07","177.0973093","179.8464703","175.9857417","176.4819794","176.4819794","61944600"
"AAPL","2023-06-08","176.5613508","179.4792306","176.1246744","179.2112732","179.2112732","50214900"
"AAPL","2023-06-09","180.1342882","180.858791","179.2708394","179.5983582","179.5983582","48870700"
"AAPL","2023-06-12","179.9060014","182.5062818","179.6082557","182.4070282","182.4070282","54274900"
"AAPL","2023-06-13","181.4245071","182.7643398","181.0672153","181.9306641","181.9306641","54929100"
"AAPL","2023-06-14","181.9902041","183.0025333","180.6503715","182.5658417","182.5658417","57462900"
"AAPL","2023-06-15","182.5757739","185.1165084","182.3971205","184.6103363","184.6103363","65433200"
"AAPL","2023-06-16","185.3249118","185.5829651","182.883431","183.5285339","183.5285339","101235600"
"AAPL","2023-06-20","183.0223828","184.6996685","183.0223828","183.6178589","183.6178589","49799100"
"AAPL","2023-06-21","183.5086893","184.0148614","181.2160736","182.5757751","182.5757751","49515700"
"AAPL","2023-06-22","182.3574312","185.6425223","182.2879507","185.5928955","185.5928955","51245300"
"AAPL","2023-06-23","184.153797","186.1486669","183.6178519","185.2752838","185.2752838","53079300"
"AAPL","2023-06-26","185.4241747","186.6349958","183.836208","183.8759155","183.8759155","48088700"
"AAPL","2023-06-27","184.4912279","186.9724161","184.2728822","186.6448975","186.6448975","50730800"
"AAPL","2023-06-28","186.5158835","188.4710612","186.18838","187.8259583","187.8259583","51216800"
"AAPL","2023-06-29","187.6572342","188.6397902","187.5182882","188.1633911","188.1633911","46347300"
"AAPL","2023-06-30","190.1880786","193.0166246","189.8208524","192.5104675","192.5104675","85069600"
"AAPL","2023-07-03","192.3218852","192.4211388","190.3170807","191.0118256","191.0118256","31458200"
"AAPL","2023-07-05","190.1285194","191.5278982","189.1856556","189.8903198","189.8903198","46920300"
"AAPL","2023-07-06","188.4115064","190.5751104","187.7763228","190.366684","190.366684","45094300"
"AAPL","2023-07-07","189.9696961","191.2202095","188.8085018","189.2451782","189.2451782","46778000"
"AAPL","2023-07-10","187.8358836","188.5604015","185.632587","187.1907806","187.1907806","59922200"
"AAPL","2023-07-11","187.7366396","187.8755855","185.1959051","186.6647644","186.6647644","46638100"
"AAPL","2023-07-12","188.252722","190.2575265","187.0518353","188.3420563","188.3420563","60750200"
"AAPL","2023-07-13","189.0665393","189.7513497","188.3519559","189.1062317","189.1062317","41342300"
"AAPL","2023-07-14","188.7985664","189.7414149","188.2030903","189.2551117","189.2551117","41573900"
"AAPL","2023-07-17","190.4560038","192.8578074","190.3666847","192.5302887","192.5302887","50520200"
"AAPL","2023-07-18","191.895117","192.8677386","190.972107","192.2722473","192.2722473","48353800"
"AAPL","2023-07-19","191.6470072","196.7383957","191.2003811","193.631958","193.631958","80507300"
"AAPL","2023-07-20","193.6220163","194.9916372","191.0515087","191.6767731","191.6767731","59581200"
"AAPL","2023-07-21","192.639478","193.5029267","189.7910634","190.4957275","190.4957275","71917800"
"AAPL","2023-07-24","191.9546436","193.4433565","190.8033687","191.2996063","191.2996063","45377800"
"AAPL","2023-07-25","191.8752747","192.9769231","191.4683562","192.1630859","192.1630859","37283200"
"AAPL","2023-07-26","192.2127121","194.1678899","191.8653548","193.0364685","193.0364685","47471900"
"AAPL","2023-07-27","194.5450012","195.7161147","191.1011109","191.7660675","191.7660675","47460200"
"AAPL","2023-07-28","193.2051703","195.1504286","192.6791596","194.3564453","194.3564453","48291400"
"AAPL","2023-07-31","194.5847217","195.011494","193.7907384","194.9717865","194.9717865","38824100"
"AAPL","2023-08-01","194.7633563","195.2496595","193.8105734","194.138092","194.138092","35175100"
"AAPL","2023-08-02","193.5723706","193.7113165","190.4063872","191.1308899","191.1308899","50389300"
"AAPL","2023-08-03","190.1285056","190.9224737","189.2551224","189.7315063","189.7315063","61235200"
"AAPL","2023-08-04","184.1240425","185.9700473","180.5511249","180.6206055","180.6206055","115799700"
"AAPL","2023-08-07","180.7595292","181.7520044","176.0154985","177.5042114","177.5042114","97576100"
"AAPL","2023-08-08","178.3378791","178.9135166","176.2437557","178.447052","178.447052","67823000"
"AAPL","2023-08-09","179.5089933","179.5685394","175.6780382","176.8491669","176.8491669","60378500"
"AAPL","2023-08-10","178.1294611","179.389909","176.2636178","176.6308289","176.6308289","54686900"
"AAPL","2023-08-11","176.2233961","177.5153443","175.4581538","176.6904755","176.6904755","51988100"
"AAPL","2023-08-14","176.8693528","178.5787168","176.2134309","178.3501434","178.3501434","43675600"
"AAPL","2023-08-15","177.7737183","178.3699985","175.9550342","176.3525543","176.3525543","43622600"
"AAPL","2023-08-16","176.0345463","177.4358147","175.4084377","175.4780121","175.4780121","46964900"
"AAPL","2023-08-17","176.0445002","176.4122071","172.4071313","172.9239197","172.9239197","66062900"
"AAPL","2023-08-18","171.2344301","174.0171168","170.8965364","173.4108887","173.4108887","61114200"
"AAPL","2023-08-21","173.9872907","175.0407327","172.6655142","174.7525177","174.7525177","46311900"
"AAPL","2023-08-22","175.9649643","176.5811251","175.1599762","176.1339111","176.1339111","42084200"
"AAPL","2023-08-23","177.4159664","180.4272265","177.2271391","179.9998779","179.9998779","52722800"
"AAPL","2023-08-24","179.5526464","179.979995","174.9214625","175.2891846","175.2891846","54945800"
"AAPL","2023-08-25","176.2830127","178.0420554","174.7326628","177.5054016","177.5054016","51449600"
"AAPL","2023-08-28","178.9762349","179.4731427","177.4457657","179.0756226","179.0756226","43820700"
"AAPL","2023-08-29","178.5886601","183.7564982","178.3899","182.9813232","182.9813232","53003900"
"AAPL","2023-08-30","183.796255","186.6882619","183.5974949","186.4894867","186.4894867","60813900"
"AAPL","2023-08-31","186.6783319","187.9504147","186.3205576","186.7081451","186.7081451","60794500"
"AAPL","2023-09-01","188.3181128","188.7454462","187.1155893","188.2882996","188.2882996","45732600"
"AAPL","2023-09-05","187.1155934","188.8050768","186.4497388","188.5268097","188.5268097","45280000"
"AAPL","2023-09-06","187.2348463","187.6820755","180.3477118","181.7788086","181.7788086","81755800"
"AAPL","2023-09-07","174.0965977","177.1078727","172.4667409","176.4618835","176.4618835","112488800"
"AAPL","2023-09-08","177.2470107","179.1253215","176.6904612","177.0780487","177.0780487","65551300"
"AAPL","2023-09-11","178.9563634","179.1849367","176.2432361","178.2507477","178.2507477","58953100"
"AAPL","2023-09-12","178.3799603","179.0160017","173.7388435","175.2096863","175.2096863","90370200"
"AAPL","2023-09-13","175.4183623","176.203485","172.9040104","173.1325989","173.1325989","84267900"
"AAPL","2023-09-14","172.923923","175.010942","172.5065223","174.6531677","174.6531677","60895800"
"AAPL","2023-09-15","175.3885528","175.4084334","172.7450151","173.9276428","173.9276428","109205100"
"AAPL","2023-09-18","175.3885636","178.2706378","175.0804832","176.8693542","176.8693542","67257600"
"AAPL","2023-09-19","176.4221378","178.5190892","176.0345504","177.9625549","177.9625549","51826900"
"AAPL","2023-09-20","178.1513673","178.5886485","174.3152387","174.4046936","174.4046936","58436200"
"AAPL","2023-09-21","173.4705309","175.2097083","172.7847956","172.8543549","172.8543549","63047900"
"AAPL","2023-09-22","173.5897619","175.984861","172.9736011","173.7090149","173.7090149","56725400"
"AAPL","2023-09-25","173.122665","175.8755383","173.0729712","174.9910431","174.9910431","46172700"
"AAPL","2023-09-26","173.7388277","174.1164673","170.5983672","170.8965149","170.8965149","64588900"
"AAPL","2023-09-27","171.5524196","171.9698203","168.0045063","169.3759613","169.3759613","66921800"
"AAPL","2023-09-28","168.2927119","170.966078","166.5833481","169.6343689","169.6343689","56294400"
"AAPL","2023-09-29","170.9561417","171.9996509","169.2865238","170.1511536","170.1511536","51814200"
"AAPL","2023-10-02","170.1611086","173.2220624","169.8728935","172.6754608","172.6754608","52164500"
"AAPL","2023-10-03","171.1946677","172.5562054","169.763586","171.3338013","171.3338013","49594600"
"AAPL","2023-10-04","170.0319005","173.1326154","169.9126475","172.5860138","172.5860138","53020300"
"AAPL","2023-10-05","172.7151939","174.3649313","171.612058","173.8282776","173.8282776","48527900"
"AAPL","2023-10-06","172.7251371","176.8892265","172.1089612","176.3923187","176.3923187","57224100"
"AAPL","2023-10-09","175.7165308","177.9426831","174.7127825","177.8830566","177.8830566","42390800"
"AAPL","2023-10-10","176.9985586","178.6085349","176.8494771","177.2867584","177.2867584","43698000"
"AAPL","2023-10-11","177.0979232","178.7377279","176.5016429","178.6880341","178.6880341","47551100"
"AAPL","2023-10-12","178.9563659","181.2123162","177.932722","179.5924072","179.5924072","56743100"
"AAPL","2023-10-13","180.2980097","180.8048502","177.0382961","177.7439117","177.7439117","51427100"
"AAPL","2023-10-16","175.6569128","177.9725051","175.4183916","177.6147308","177.6147308","52517000"
"AAPL","2023-10-17","175.5575203","177.3165782","173.7189705","176.0544281","176.0544281","57549400"
"AAPL","2023-10-18","174.4941311","176.4817622","174.0270366","174.7525177","174.7525177","54764400"
"AAPL","2023-10-19","174.9512929","176.740164","174.1065587","174.3748932","174.3748932","59302900"
"AAPL","2023-10-20","174.2258013","174.3351216","171.5723156","171.8108368","171.8108368","64189300"
"AAPL","2023-10-23","169.8530285","172.9338478","168.8790783","171.9300995","171.9300995","55980100"
"AAPL","2023-10-24","171.9797831","172.5959439","170.3896722","172.3673706","172.3673706","43816600"
"AAPL","2023-10-25","170.8170298","171.9897249","169.5946257","170.0418549","170.0418549","57157000"
"AAPL","2023-10-26","169.3163691","170.3201327","164.6454386","165.8578949","165.8578949","70625300"
"AAPL","2023-10-27","165.877761","167.915086","165.7982539","167.179657","167.179657","58499100"
"AAPL","2023-10-30","167.9747121","170.1114095","167.8256306","169.2368469","169.2368469","51131000"
"AAPL","2023-10-31","168.3026662","169.8430682","166.8616216","169.7138824","169.7138824","44846000"
"AAPL","2023-11-01","169.9424404","173.15246","169.067878","172.8940735","172.8940735","56934900"
"AAPL","2023-11-02","174.4345074","176.680525","174.3748809","176.4718323","176.4718323","77334800"
"AAPL","2023-11-03","173.1624415","175.7264876","172.2779462","175.5575256","175.5575256","79763700"
"AAPL","2023-11-06","175.2892014","178.3203269","175.1202546","178.1215668","178.1215668","63841300"
"AAPL","2023-11-07","178.0718539","181.3117021","177.8631611","180.6955414","180.6955414","70530000"
"AAPL","2023-11-08","181.2222575","182.3154454","180.466948","181.7589111","181.7589111","49340300"
"AAPL","2023-11-09","181.8284924","182.9813069","180.6855955","181.2818909","181.2818909","53763500"
"AAPL","2023-11-10","183.0731258","185.6604566","182.6352684","185.491272","185.491272","66133400"
"AAPL","2023-11-13","184.91411","185.1230777","183.3119583","183.8990784","183.8990784","43627500"
"AAPL","2023-11-14","186.7849416","187.1929465","185.3917728","186.5262146","186.5262146","60108400"
"AAPL","2023-11-15","186.9342059","188.5761558","186.8645398","187.0934143","187.0934143","53790500"
"AAPL","2023-11-16","188.6458394","190.0290624","187.7303111","188.7851563","188.7851563","54412900"
"AAPL","2023-11-17","189.322511","189.4518821","187.6507085","188.7652435","188.7652435","50922700"
"AAPL","2023-11-20","188.964255","190.9744114","188.9543092","190.5166473","190.5166473","46505100"
"AAPL","2023-11-21","190.4768675","190.5863319","188.8150107","189.7106171","189.7106171","38134500"
"AAPL","2023-11-22","190.556465","191.989432","189.8996789","190.3773346","190.3773346","39617700"
"AAPL","2023-11-24","189.9394753","189.9693278","188.3273779","189.043869","189.043869","24048300"
"AAPL","2023-11-27","188.9941172","189.7404609","187.9790855","188.8647461","188.8647461","40552600"
"AAPL","2023-11-28","188.8547987","190.1484641","188.4766464","189.4717712","189.4717712","38415400"
"AAPL","2023-11-29","189.9693324","191.1535335","188.0487487","188.4467926","188.4467926","43014200"
"AAPL","2023-11-30","188.914492","189.3921628","187.2725421","189.0239563","189.0239563","48794400"
"AAPL","2023-12-01","189.4021262","190.6261256","188.3074827","190.3076935","190.3076935","45679300"
"AAPL","2023-12-04","189.053822","189.123488","186.5361572","188.5065002","188.5065002","43389500"
"AAPL","2023-12-05","189.2827084","193.4522689","189.2528407","192.4770508","192.4770508","66628400"
"AAPL","2023-12-06","193.5020368","193.8105231","191.1734481","191.382431","191.382431","41089700"
"AAPL","2023-12-07","192.6860424","194.0493587","192.6462289","193.3229218","193.3229218","47477700"
"AAPL","2023-12-08","193.2532417","195.0345236","192.7258267","194.7558899","194.7558899","53377300"
"AAPL","2023-12-11","192.1685541","192.5467064","190.4867907","192.238205","192.238205","60943700"
"AAPL","2023-12-12","192.1387143","193.7707185","190.7853438","193.7607727","193.7607727","52696900"
"AAPL","2023-12-13","194.1389002","197.0347171","193.90008","196.9949188","196.9949188","70404200"
"AAPL","2023-12-14","197.0546227","198.6468133","195.2036899","197.1441803","197.1441803","66831600"
"AAPL","2023-12-15","196.5670133","197.4327671","196.0395983","196.6068268","196.6068268","128256700"
"AAPL","2023-12-18","195.1340195","195.6713954","193.4423104","194.9349976","194.9349976","55751900"
"AAPL","2023-12-19","195.2036928","195.9898347","194.9350048","195.9798889","195.9798889","40714100"
"AAPL","2023-12-20","195.9400887","196.7162849","193.880188","193.880188","193.880188","52242800"
"AAPL","2023-12-21","195.1439866","196.1192047","192.556656","193.730896","193.730896","46482500"
"AAPL","2023-12-22","194.228473","194.4573626","192.0292554","192.656189","192.656189","37122800"
"AAPL","2023-12-26","192.6661237","192.9447574","191.8899275","192.1088562","192.1088562","28919300"
"AAPL","2023-12-27","191.5515879","192.5566585","190.158404","192.2083588","192.2083588","48087700"
"AAPL","2023-12-28","193.1935437","193.7110129","192.2282714","192.6362762","192.6362762","34049900"
"AAPL","2023-12-29","192.9547011","193.4522635","190.795282","191.5913849","191.5913849","42628800"
"AAPL","2024-01-02","186.2376031","187.5213226","182.9935017","184.7349701","184.7349701","82488700"
"AAPL","2024-01-03","183.3219083","184.9738193","182.5357512","183.3517609","183.3517609","58414500"
"AAPL","2024-01-04","181.2619831","182.1974029","179.9981855","181.0231628","181.0231628","71983600"
"AAPL","2024-01-05","181.102771","181.8690062","179.2916366","180.2967072","180.2967072","62303300"
"AAPL","2024-01-08","181.2022805","184.6951785","180.6151605","184.655365","184.655365","59144500"
"AAPL","2024-01-09","183.023358","184.2473573","181.839157","184.2374115","184.2374115","42841800"
"AAPL","2024-01-10","183.4512616","185.4912553","183.0233501","185.2822876","185.2822876","46792900"
"AAPL","2024-01-11","185.6305921","186.1381155","182.7248292","184.6852264","184.6852264","49128400"
"AAPL","2024-01-12","185.1529277","185.8296205","184.2871739","185.0136108","185.0136108","40444700"
"AAPL","2024-01-16","181.2719371","183.36169","180.0479226","182.7347717","182.7347717","65603000"
"AAPL","2024-01-17","180.3862989","182.0381947","179.4210265","181.7894135","181.7894135","47317400"
"AAPL","2024-01-18","185.1827778","188.2179116","184.9240509","187.7104034","187.7104034","78005800"
"AAPL","2024-01-19","188.4069897","191.014212","187.8994815","190.6261139","190.6261139","68741000"
"AAPL","2024-01-22","191.3625031","194.3777301","191.3226896","192.9447479","192.9447479","60133900"
"AAPL","2024-01-23","194.0692614","194.7956983","192.8850604","194.2284698","194.2284698","42355600"
"AAPL","2024-01-24","194.4672861","195.4226125","193.3925495","193.5517731","193.5517731","53631300"
"AAPL","2024-01-25","194.2682728","195.3131569","192.1685588","193.2233887","193.2233887","54822100"
"AAPL","2024-01-26","193.3229053","193.8105068","191.0042627","191.4819183","191.4819183","44594000"
"AAPL","2024-01-29","191.0739066","191.2629827","188.6557606","190.7952728","190.7952728","47145600"
"AAPL","2024-01-30","190.009147","190.864955","186.5560625","187.1232758","187.1232758","55859400"
"AAPL","2024-01-31","186.1281514","186.1878717","183.4512782","183.5010223","183.5010223","55467800"
"AAPL","2024-02-01","183.0930321","186.0385932","182.9238627","185.9490356","185.9490356","64885400"
"AAPL","2024-02-02","178.9831513","186.416735","178.3761246","184.9439545","184.9439545","102518000"
"AAPL","2024-02-05","187.2327245","188.3273679","184.9339887","186.7650146","186.7650146","69668800"
"AAPL","2024-02-06","185.9490292","188.387082","185.8594716","188.3771362","188.3771362","43490800"
"AAPL","2024-02-07","189.7106021","190.1186069","187.6904999","188.4866028","188.4866028","53439000"
"AAPL","2024-02-08","188.4666922","188.6159548","186.4366442","187.4019165","187.4019165","40962000"
"AAPL","2024-02-09","187.9698526","189.305033","187.3222021","188.1691437","188.1691437","45155200"
"AAPL","2024-02-12","187.7406757","187.9897743","186.1165476","186.4752502","186.4752502","41781900"
"AAPL","2024-02-13","185.1002428","185.5386589","182.8483811","184.3728638","184.3728638","56529500"
"AAPL","2024-02-14","184.6518638","184.8610982","181.7822424","183.4860687","183.4860687","54630500"
"AAPL","2024-02-15","182.8882484","183.8248618","180.6961831","183.1971283","183.1971283","65434500"
"AAPL","2024-02-16","182.7587087","184.1835609","181.015018","181.65271","181.65271","49701400"
"AAPL","2024-02-20","181.1345773","181.7722692","179.3510375","180.9054108","180.9054108","53665600"
"AAPL","2024-02-21","181.2840544","182.2306263","180.0086704","181.6626892","181.6626892","41529700"
"AAPL","2024-02-22","182.8184707","184.2931456","181.8021592","183.7052612","183.7052612","52292200"
"AAPL","2024-02-23","184.3429667","184.3728573","181.5729908","181.8619537","181.8619537","45119700"
"AAPL","2024-02-26","181.5829745","182.1010888","179.9986954","180.5068665","180.5068665","40867400"
"AAPL","2024-02-27","180.4470902","183.2569154","178.9126338","181.9715729","181.9715729","54318900"
"AAPL","2024-02-28","181.8519968","182.4597982","179.4805877","180.7659302","180.7659302","48953900"
"AAPL","2024-02-29","180.6164724","181.9117886","178.8827401","180.0983429","180.0983429","136682600"
"AAPL","2024-03-01","178.902664","179.8791266","176.7404895","179.0122681","179.0122681","73488000"
"AAPL","2024-03-04","175.5149064","176.2622024","173.1634145","174.4687042","174.4687042","81510100"
"AAPL","2024-03-05","170.1443601","171.4197442","169.0084707","169.5066681","169.5066681","95132400"
"AAPL","2024-03-06","170.4432619","170.6226208","168.0718378","168.5102539","168.5102539","68587700"
"AAPL","2024-03-07","168.5401544","170.1144598","167.8825455","168.3907013","168.3907013","71765100"
"AAPL","2024-03-08","168.3907128","173.0737651","168.3309315","170.1144714","170.1144714","76114600"
"AAPL","2024-03-11","172.3164994","173.7513102","171.4297088","172.127182","172.127182","60139500"
"AAPL","2024-03-12","172.5257248","173.402557","170.3934409","172.6054382","172.6054382","59825400"
"AAPL","2024-03-13","172.1471177","172.5656017","170.1443546","170.513031","170.513031","52488700"
"AAPL","2024-03-14","172.2865946","173.681541","171.4296946","172.3762665","172.3762665","72913500"
"AAPL","2024-03-15","170.5528809","171.9976501","169.6760486","171.9976501","171.9976501","121664700"
"AAPL","2024-03-18","174.9370252","177.0693093","172.8944131","173.093689","173.093689","75604200"
"AAPL","2024-03-19","173.7114581","175.9732784","172.4061834","175.4451904","175.4451904","55215200"
"AAPL","2024-03-20","175.0864569","178.0258179","174.4587234","178.0258179","178.0258179","53423100"
"AAPL","2024-03-21","176.4116812","176.8500973","170.2240635","170.7521515","170.7521515","106181300"
"AAPL","2024-03-22","171.1407298","172.4260873","169.446862","171.6588593","171.6588593","71106600"
"AAPL","2024-03-25","169.95505","171.3201059","168.8390776","170.2340393","170.2340393","54288300"
"AAPL","2024-03-26","169.3870923","170.8019709","168.9686084","169.0981445","169.0981445","57388400"
"AAPL","2024-03-27","169.7956118","172.9741131","169.4966904","172.6851501","172.6851501","60273300"
"AAPL","2024-03-28","171.1307862","171.6090514","169.8952513","170.8617554","170.8617554","65672700"
"AAPL","2024-04-01","170.5728137","170.632595","168.8689721","169.4169922","169.4169922","46240500"
"AAPL","2024-04-02","168.4704177","168.7294748","167.6234761","168.2312775","168.2312775","49329500"
"AAPL","2024-04-03","168.1814453","170.0646306","167.972211","169.0383453","169.0383453","47691700"
"AAPL","2024-04-04","169.676051","171.3001793","168.2113647","168.2113647","168.2113647","53704400"
"AAPL","2024-04-05","168.9785559","169.7756746","168.340864","168.9685974","168.9685974","42055200"
"AAPL","2024-04-08","168.4205926","168.5899779","167.6334475","167.8426819","167.8426819","37425500"
"AAPL","2024-04-09","168.0917693","169.4667988","167.7430403","169.0582733","169.0582733","42451200"
"AAPL","2024-04-10","168.1914214","168.4803692","166.507512","167.1750946","167.1750946","49709300"
"AAPL","2024-04-11","167.7330789","174.8274194","167.5537351","174.4089203","174.4089203","91070300"
"AAPL","2024-04-12","173.6317303","177.7169546","173.5819228","175.9134827","175.9134827","101593300"
"AAPL","2024-04-15","174.72777","175.9931955","171.8780807","172.0673981","172.0673981","73531800"
"AAPL","2024-04-16","171.1307834","173.1335312","167.6633342","168.7693329","168.7693329","73711200"
"AAPL","2024-04-17","168.9984984","170.0347421","167.3943024","167.3943024","167.3943024","50901200"
"AAPL","2024-04-18","167.4241802","168.0319816","165.9495205","166.4377441","166.4377441","43122900"
"AAPL","2024-04-19","165.6107651","165.8000673","163.4884396","164.4051208","164.4051208","67772100"
"AAPL","2024-04-22","164.9232423","166.6569592","164.1759463","165.2420807","165.2420807","48116400"
"AAPL","2024-04-23","164.753864","166.4477319","164.3254064","166.2982635","166.2982635","49537800"
"AAPL","2024-04-24","165.9395596","168.6896186","165.6107627","168.4106293","168.4106293","48251800"
"AAPL","2024-04-25","168.9187936","169.9949017","167.5437641","169.2774963","169.2774963","50558300"
"AAPL","2024-04-26","169.2675317","170.7222594","168.5700433","168.689621","168.689621","44838400"
"AAPL","2024-04-29","172.7449298","175.3953431","172.4759142","172.8744659","172.8744659","68169400"
"AAPL","2024-04-30","172.7050805","174.3590992","169.3870846","169.7158966","169.7158966","65934800"
"AAPL","2024-05-01","168.9686103","172.0873305","168.5003036","168.689621","168.689621","50383100"
"AAPL","2024-05-02","171.8880442","172.794767","170.2738897","172.4061737","172.4061737","94214900"
"AAPL","2024-05-03","185.9770564","186.3258006","182.0014514","182.7188568","182.7188568","163224100"
"AAPL","2024-05-06","181.6925779","183.5358989","179.7695282","181.0548859","181.0548859","78569700"
"AAPL","2024-05-07","182.7886033","184.2333726","180.666293","181.7423859","181.7423859","77305800"
"AAPL","2024-05-08","182.1907808","182.4099888","180.7958191","182.0811768","182.0811768","45057100"
"AAPL","2024-05-09","181.9018085","183.9942434","181.453434","183.9045715","183.9045715","48983000"
"AAPL","2024-05-10","184.4832417","184.6728159","181.7194961","182.6374207","182.6374207","50759500"
"AAPL","2024-05-13","185.0220501","186.6783124","184.2038909","185.8601532","185.8601532","72044800"
"AAPL","2024-05-14","187.0873746","187.8756026","185.8701231","187.0075531","187.0075531","52393600"
"AAPL","2024-05-15","187.486486","190.2203008","186.9476946","189.2924042","189.2924042","70400000"
"AAPL","2024-05-16","190.0407096","190.6692945","189.2325376","189.4121246","189.4121246","52845200"
"AAPL","2024-05-17","189.0828731","190.3799462","188.7536151","189.4420624","189.4420624","41282900"
"AAPL","2024-05-20","188.9032834","191.4874423","188.5839973","190.6094208","190.6094208","44361300"
"AAPL","2024-05-21","190.6593035","192.2956066","190.4896885","191.9164734","191.9164734","42309400"
"AAPL","2024-05-22","191.8366645","192.3854279","189.8411721","190.4697418","190.4697418","34648500"
"AAPL","2024-05-23","190.5495513","190.5695104","186.2093647","186.4588013","186.4588013","51005900"
"AAPL","2024-05-24","188.3944297","190.1504574","187.6161737","189.5518036","189.5518036","36294600"
"AAPL","2024-05-28","191.0783613","192.5650086","188.6738046","189.5617981","189.5617981","52280100"
"AAPL","2024-05-29","189.1826544","191.8167037","189.0828737","189.8611145","189.8611145","53068000"
"AAPL","2024-05-30","190.330052","191.7468497","190.2003553","190.8588562","190.8588562","49947900"
"AAPL","2024-05-31","191.0085242","192.1359822","189.4819738","191.8166962","191.8166962","75158300"
"AAPL","2024-06-03","192.4652087","194.5505095","192.0860756","193.5926666","193.5926666","50080500"
"AAPL","2024-06-04","194.2012965","194.8797717","192.5949247","193.9119568","193.9119568","47471400"
"AAPL","2024-06-05","194.9595859","196.4562051","194.4307817","195.4285278","195.4285278","54156800"
"AAPL","2024-06-06","195.248936","196.0571079","193.7323576","194.0416565","194.0416565","41181800"
"AAPL","2024-06-07","194.2112864","196.4961336","193.7024413","196.4462433","196.4462433","53103900"
"AAPL","2024-06-10","196.456202","196.8553095","191.716908","192.6847229","192.6847229","97262100"
"AAPL","2024-06-11","193.2135327","206.6930927","193.1935887","206.6831055","206.6831055","172373300"
"AAPL","2024-06-12","206.9026174","219.7037025","206.4336755","212.5897827","212.5897827","198134300"
"AAPL","2024-06-13","214.2560142","216.2614785","211.1230919","213.7571411","213.7571411","97862700"
"AAPL","2024-06-14","213.3680132","214.6850302","210.8237576","212.0110779","212.0110779","70122700"
"AAPL","2024-06-17","212.8890906","218.4565159","212.2405616","216.1816559","216.1816559","93728300"
"AAPL","2024-06-18","217.099572","218.1372365","212.5199211","213.8070068","213.8070068","79943300"
"AAPL","2024-06-20","213.447834","213.7571481","208.3792968","209.2074127","209.2074127","86172500"
"AAPL","2024-06-21","209.9158119","211.4124311","206.6432057","207.0223541","207.0223541","246421400"
"AAPL","2024-06-24","207.2518164","212.2205876","206.1243585","207.6708679","207.6708679","80727000"
"AAPL","2024-06-25","208.6785917","210.9035765","208.1398155","208.5987854","208.5987854","56713900"
"AAPL","2024-06-26","211.0233077","214.3757353","210.1652454","212.7693634","212.7693634","66213200"
"AAPL","2024-06-27","214.2061287","215.2537653","211.8714064","213.6174622","213.6174622","49772700"
"AAPL","2024-06-28","215.2836805","215.5830074","209.8260081","210.1452789","210.1452789","82542700"
"AAPL","2024-07-01","211.611974","217.0197562","211.442359","216.2614746","216.2614746","60402900"
"AAPL","2024-07-02","215.6628199","219.883297","214.6151986","219.7735443","219.7735443","58046200"
"AAPL","2024-07-03","219.5041496","221.0506592","218.5363347","221.0506592","221.0506592","37369800"
"AAPL","2024-07-05","221.1504176","225.9396019","221.1504176","225.8298492","225.8298492","60412400"
"AAPL","2024-07-08","226.5781682","227.336465","222.7468266","227.3065338","227.3065338","59085900"
"AAPL","2024-07-09","227.4162717","228.8829597","225.8597901","228.1645813","228.1645813","48076100"
"AAPL","2024-07-10","228.7831815","232.5546605","228.7332911","232.4548798","232.4548798","62627700"
"AAPL","2024-07-11","230.8684808","231.8662269","225.2611523","227.0570984","227.0570984","64710600"
"AAPL","2024-07-12","228.4040419","232.1156587","228.1645773","230.0203857","230.0203857","53046500"
"AAPL","2024-07-15","235.9470026","236.6953122","232.5646438","233.8716888","233.8716888","62631300"
"AAPL","2024-07-16","234.4703432","235.7374851","231.8063629","234.2907562","234.2907562","43234300"
"AAPL","2024-07-17","228.9328431","230.9383225","226.129179","228.3641357","228.3641357","57345900"
"AAPL","2024-07-18","229.7609704","229.9206135","221.7690297","223.6747131","223.6747131","66034600"
"AAPL","2024-07-19","224.3132884","226.2888214","222.7767508","223.8044281","223.8044281","49151500"
"AAPL","2024-07-22","226.4983442","227.266613","222.5871812","223.4552307","223.4552307","48201800"
"AAPL","2024-07-23","223.8642965","226.4285114","222.1781031","224.5028534","224.5028534","39960300"
"AAPL","2024-07-24","223.4951247","224.2933246","216.6406139","218.0474243","218.0474243","61777600"
"AAPL","2024-07-25","218.4365586","220.3522446","214.1362751","216.9998169","216.9998169","51391200"
"AAPL","2024-07-26","218.2070724","218.9953003","215.5231329","217.46875","217.46875","41601300"
"AAPL","2024-07-29","216.4710093","218.8057316","215.2637298","217.7481232","217.7481232","36311800"
"AAPL","2024-07-30","218.6959746","219.8334046","215.6328867","218.3068542","218.3068542","41643800"
"AAPL","2024-07-31","220.9409108","223.3155516","220.1327389","221.5794678","221.5794678","50036300"
"AAPL","2024-08-01","223.8642923","223.974045","216.5308675","217.8678436","217.8678436","62501000"
"AAPL","2024-08-02","218.6560498","225.0915242","217.2193082","219.3644562","219.3644562","105568600"
"AAPL","2024-08-05","198.6412762","213.0188018","195.5582442","208.7983398","208.7983398","119548600"
"AAPL","2024-08-06","204.8372815","209.5167132","200.6168197","206.7629242","206.7629242","69660500"
"AAPL","2024-08-07","206.4336747","213.1584894","205.9248297","209.3471069","209.3471069","63516400"
"AAPL","2024-08-08","212.6296775","213.7172171","208.3593253","212.8292236","212.8292236","47161100"
"AAPL","2024-08-09","211.6219712","216.291416","211.4922593","215.7526398","215.7526398","42201600"
"AAPL","2024-08-12","215.8325524","219.2687591","215.3630677","217.2909393","217.2909393","38028100"
"AAPL","2024-08-13","218.769299","221.6461387","218.769299","221.026825","221.026825","44155300"
"AAPL","2024-08-14","220.3276036","222.7848915","219.4585493","221.4763336","221.4763336","41960600"
"AAPL","2024-08-15","224.3531745","225.1023502","222.515185","224.4730377","224.4730377","46414000"
"AAPL","2024-08-16","223.6739107","226.5807163","223.4042032","225.8015747","225.8015747","44340200"
"AAPL","2024-08-19","225.4719428","225.7416504","222.7948801","225.6417542","225.6417542","40687800"
"AAPL","2024-08-20","225.5218856","226.9203409","225.20223","226.2610626","226.2610626","30299000"
"AAPL","2024-08-21","226.2710626","227.7294495","224.8026769","226.1511841","226.1511841","34765500"
"AAPL","2024-08-22","227.5396608","228.0890594","223.6539364","224.2832489","224.2832489","43695300"
"AAPL","2024-08-23","225.4120024","227.9691865","224.0834622","226.5906982","226.5906982","38677300"
"AAPL","2024-08-26","226.5107918","227.0302246","223.6439507","226.9303284","226.9303284","30602200"
"AAPL","2024-08-27","225.7516207","228.5984945","224.64284","227.7793884","227.7793884","35934600"
"AAPL","2024-08-28","227.66951","229.6073803","225.4319663","226.2410889","226.2410889","38052200"
"AAPL","2024-08-29","229.8471324","232.6640254","228.628472","229.5374603","229.5374603","51906300"
"AAPL","2024-08-30","229.9370315","230.1467921","227.230003","228.7483368","228.7483368","52990800"
"AAPL","2024-09-03","228.2988235","228.7483259","220.9269293","222.525177","222.525177","50190600"
"AAPL","2024-09-04","221.4164072","221.5362705","217.240993","220.6072998","220.6072998","43840200"
"AAPL","2024-09-05","221.3864291","225.2321888","221.2765494","222.1356049","222.1356049","36615400"
"AAPL","2024-09-06","223.7038814","224.9924722","219.5284824","220.5773315","220.5773315","48423000"
"AAPL","2024-09-09","220.5773236","221.026826","216.47184","220.6672211","220.6672211","67180000"
"AAPL","2024-09-10","218.6794084","221.2365925","216.4918127","219.868103","219.868103","51591000"
"AAPL","2024-09-11","221.2166203","222.8448186","217.6505365","222.4152985","222.4152985","44587100"
"AAPL","2024-09-12","222.2554695","223.3043186","219.5784221","222.525177","222.525177","37498200"
"AAPL","2024-09-13","223.3342928","223.7937788","221.66613","222.2554779","222.2554779","36766600"
"AAPL","2024-09-16","216.3020196","216.9812802","213.6849038","216.0822754","216.0822754","59357400"
"AAPL","2024-09-17","215.5128922","216.6616223","214.264266","216.5517426","216.5517426","45519300"
"AAPL","2024-09-18","217.3109155","222.4652483","217.3009167","220.447464","220.447464","59894900"
"AAPL","2024-09-19","224.7427437","229.5674374","224.3831387","228.6184692","228.6184692","66781300"
"AAPL","2024-09-20","229.7172625","232.8338287","227.3698391","227.9492035","227.9492035","318679900"
"AAPL","2024-09-23","227.0901541","229.1978359","225.5618368","226.2211151","226.2211151","54146000"
"AAPL","2024-09-24","228.3987093","229.0979522","225.4819201","227.1201172","227.1201172","43556100"
"AAPL","2024-09-25","224.6827959","227.0402029","223.7738076","226.1212158","226.1212158","42308700"
"AAPL","2024-09-26","227.0501991","228.2488772","225.1622768","227.2699585","227.2699585","36636700"
"AAPL","2024-09-27","228.2089347","229.2677673","227.0502058","227.5396576","227.5396576","34026000"
"AAPL","2024-09-30","229.7871885","232.7439423","229.3976177","232.7439423","232.7439423","54541900"
"AAPL","2024-10-01","229.2677705","229.3976173","223.4941237","225.9614105","225.9614105","63285000"
"AAPL","2024-10-02","225.6417557","227.1201249","222.7749145","226.530777","226.530777","32880600"
"AAPL","2024-10-03","224.8925655","226.5607283","223.0745737","225.4219818","225.4219818","34044200"
"AAPL","2024-10-04","227.6495327","227.7494289","223.8836869","226.5507507","226.5507507","37245100"
"AAPL","2024-10-07","224.2532747","225.4419694","221.0867604","221.4463654","221.4463654","39505400"
"AAPL","2024-10-08","224.0534954","225.7316418","223.0046463","225.5218811","225.5218811","31855700"
"AAPL","2024-10-09","224.982474","229.4975109","224.5829197","229.287735","229.287735","33591100"
"AAPL","2024-10-10","227.5296745","229.2477855","226.9203443","228.7882843","228.7882843","28183500"
"AAPL","2024-10-11","229.0480035","229.1578832","227.0901508","227.2999268","227.2999268","31759200"
"AAPL","2024-10-14","228.4486582","231.475327","228.3487772","231.0458069","231.0458069","39882100"
"AAPL","2024-10-15","233.3532606","237.2290013","232.1146179","233.5930023","233.5930023","64751400"
"AAPL","2024-10-16","231.3454737","231.8648912","229.5873982","231.5252686","231.5252686","34082200"
"AAPL","2024-10-17","233.173459","233.5930109","230.2666686","231.8948669","231.8948669","32993800"
"AAPL","2024-10-18","235.9204256","235.9204256","233.7528123","234.7417297","234.7417297","46431500"
"AAPL","2024-10-21","234.1923402","236.5897118","234.1923402","236.220108","236.220108","36254500"
"AAPL","2024-10-22","233.6329633","235.9604045","232.3443877","235.6007996","235.6007996","38846600"
"AAPL","2024-10-23","233.8227521","234.8815848","227.5096904","230.5063934","230.5063934","52287000"
"AAPL","2024-10-24","229.7272567","230.5663451","228.15899","230.3166199","230.3166199","31109500"
"AAPL","2024-10-25","229.4875226","232.9636938","229.3177112","231.1556854","231.1556854","38802300"
"AAPL","2024-10-28","233.063595","234.4720338","232.2944369","233.1434937","233.1434937","36087100"
"AAPL","2024-10-29","232.8438271","234.0724711","232.0646856","233.4131927","233.4131927","35417200"
"AAPL","2024-10-30","232.3543582","233.2134136","229.2977236","229.8471222","229.8471222","47070900"
"AAPL","2024-10-31","229.087951","229.577418","225.1223128","225.6617279","225.6617279","64370100"
"AAPL","2024-11-01","220.7271534","225.1023447","220.0279258","222.6650238","222.6650238","65276700"
"AAPL","2024-11-04","220.7471384","222.545148","219.4685464","221.7660065","221.7660065","44944500"
"AAPL","2024-11-05","221.5562415","223.7038725","220.8969632","223.204422","223.204422","28111300"
"AAPL","2024-11-06","222.3653553","225.8215595","220.9469177","222.475235","222.475235","54561100"
"AAPL","2024-11-07","224.383137","227.6295653","224.3232054","227.2299957","227.2299957","42137700"
"AAPL","2024-11-08","227.1699982","228.6600037","226.4100037","226.9600067","226.9600067","38328800"
"AAPL","2024-11-11","225","225.6999969","221.5","224.2299957","224.2299957","42005600"
"AAPL","2024-11-12","224.5500031","225.5899963","223.3600006","224.2299957","224.2299957","40398300"
"AAPL","2024-11-13","224.0099945","226.6499939","222.7599945","225.1199951","225.1199951","48566200"
"AAPL","2024-11-14","225.0200043","228.8699951","225","228.2200012","228.2200012","44923900"
"AAPL","2024-11-15","226.3999939","226.9199982","224.2700043","225","225","47923700"
"AAPL","2024-11-18","225.25","229.7400055","225.1699982","228.0200043","228.0200043","44686000"
"AAPL","2024-11-19","226.9799957","230.1600037","226.6600037","228.2799988","228.2799988","36211800"
"AAPL","2024-11-20","228.0599976","229.9299927","225.8899994","229","229","35169600"
"AAPL","2024-11-21","228.8800049","230.1600037","225.7100067","228.5200043","228.5200043","42108300"
"AAPL","2024-11-22","228.0599976","230.7200012","228.0599976","229.8699951","229.8699951","38168300"
"AAPL","2024-11-25","231.4600067","233.25","229.7400055","232.8699951","232.8699951","90152800"
"AAPL","2024-11-26","233.3300018","235.5700073","233.3300018","235.0599976","235.0599976","45986200"
"AAPL","2024-11-27","234.4700012","235.6900024","233.8099976","234.9299927","234.9299927","33498400"
"AAPL","2024-11-29","234.8099976","237.8099976","233.9700012","237.3300018","237.3300018","28481400"
